{
  "dependencies": {
    "signalr1": {
      "resourceId": "/subscriptions/[parameters('subscriptionId')]/resourceGroups/[parameters('resourceGroupName')]/providers/Microsoft.SignalRService/SignalR/schnotifications",
      "type": "signalr.azure",
      "connectionId": "Azure__SignalR__ConnectionString",
      "secretStore": "AzureAppSettings"
    },
    "mssql1": {
      "resourceId": "/subscriptions/[parameters('subscriptionId')]/resourceGroups/[parameters('resourceGroupName')]/providers/Microsoft.Sql/servers/schdev/databases/Sch_Dev",
      "type": "mssql.azure",
      "connectionId": "ConnectionStrings:AzureConnection",
      "secretStore": "AzureAppSettings"
    }
  }
}